Smiles,Dataset,Model
Cc1cc(C)nc(SCC(=O)Nc2ncc(Cc3ccc4ccccc4c3)s2)n1,sirt2,molmim
Cc1cc(C)nc(S(=O)(=O)CC(C)(C)C(=O)Nc2nc(Cc3cccc4ccccc34)cs2)n1,sirt2,molmim
Cc1cc(C)n(CCNC(=O)Nc2nc(Cc3cccc4ccccc34)cs2)c(=S)n1,sirt2,molmim
CSc1nc(C)cc(C(=O)N[C@H](C)c2nc(Cc3ccc4ccccc4c3)no2)n1,sirt2,molmim
Cc1cc(SCC(=O)Nc2nc(Cc3ccccc3)ns2)nc(C)n1,sirt2,molmim
O=C(CN1CCCCC1)Nc1nc(CSc2cccc3ccccc23)ns1,sirt2,molmim
Cc1cnc(C)c(C(=O)Nc2nc(-c3ccc4ccccc4c3)cs2)n1,sirt2,molmim
CC[C@@H](NC(=O)C(=O)N[C@@H](CO)Cc1nc2ccccc2s1)c1c(C)nn(C)c1C,sirt2,molmim
CCS(=O)(=O)N[C@H](C)c1nnn(Cc2csc(Cc3ccccc3)n2)n1,sirt2,molmim
CC[C@@H]1CN(c2nnc(Cc3ccc4ccccc4n3)n2C[C@H](OC)C(C)(C)C)CCS1,sirt2,molmim
Cc1ccc(Cc2cnc(NC(=O)CSc3nc(C)cc(C)n3)s2)cc1,sirt2,molmim
Cc1ccc(Cc2cnc(NC(=O)CSc3nc(C)cc(C)n3)s2)cc1,sirt2,molmim
Cc1ccc(Cc2cnc(NC(=O)CSc3ncc(C)cn3)s2)cc1,sirt2,molmim
Cc1ccc(Cc2nnc(NC(=O)CSc3nc(C)cc(C)n3)s2)cc1,sirt2,molmim
Cc1ccc(Cc2csc(NC(=O)CSc3nc(C)cc(C)n3)n2)cc1,sirt2,molmim
Cc1ccc(Cc2cnc(NC(=O)Cn3c(C)cc(C)nc3=S)s2)cc1,sirt2,molmim
Cc1ccc(Cc2cnc(NC(=O)Cc3nc(C(C)C)n[nH]3)s2)cc1,sirt2,molmim
Cc1ccc(NC(=O)c2nnc(CSc3nc(C)cc(C)n3)s2)cc1,sirt2,molmim
Cc1cc(C)nc(SCC(=O)NN=c2ccc3ccccc3o2)n1,sirt2,molmim
Cc1ccc(OCc2ccc(C)cc2CNC(=O)Cc2nc(C)cc(C)n2)cc1,sirt2,molmim
Cc1cc(C)nc(SCC(=O)Nc2cccc(C(=O)Nc3cccc4ccccc34)c2)n1,sirt2,molmim
Cc1cc(C)nc(SCC(=O)Nc2nc(CC(=O)Nc3cccc4ccccc34)cs2)n1,sirt2,molmim
Cc1nnc(SCC(=O)Nc2ccc(C(=O)Nc3cccc4ccccc34)cc2)s1,sirt2,molmim
Cc1cc(C)nc(S[C@H](C)C(=O)Nc2cccc3ccccc23)n1,sirt2,molmim
Cc1cc(C)nc(SCC(=O)N[C@@H]2CCc3nc(NC(=O)c4c[nH]c5ccccc45)sc3C2)n1,sirt2,molmim
Cc1nnc(SCC(=O)Nc2cccc(C(=O)Nc3ccc4ccccc4c3)c2)s1,sirt2,molmim
CCN(CC)C(=O)CSc1nnc(NC(=O)c2cccc3ccccc23)s1,sirt2,molmim
Cc1nnc(SCC(=O)Nc2ccc(C(=O)Nc3ccc4occc4c3)cc2)nc1C,sirt2,molmim
Cc1cnc(CCC(=O)N[C@H]2CCc3nc(NC(=O)c4ccc5ccccc5c4)sc3C2)cn1,sirt2,molmim
Cc1cnc(S/C=C/C(=O)OCC(=O)Nc2ccc3ccccc3n2)nc1,sirt2,molmim
Cc1cc(C)nc(SCC(=O)Nc2ncc(Cc3ccccc3)s2)n1,sirt2,molmim
Cc1cc(C)nc(SCC(=O)Nc2ncc(Cc3ccccc3)s2)n1,sirt2,molmim
Cc1cc(C)nc(SCC(=O)Nc2nnc(Cc3ccccc3)s2)n1,sirt2,molmim
CCc1cnc(SCC(=O)Nc2ncc(Cc3ccccc3C)s2)nc1,sirt2,molmim
Cc1cc(C)nc(SCC(=O)Nc2cnc3ccccc3c2)n1,sirt2,molmim
Cc1cc(C)nc(SCC(=O)Nc2nnc(-c3ccc(C(F)(F)F)cc3)s2)n1,sirt2,molmim
Cc1cc(C)nc(NC(=O)CSc2nnc(Cc3ccccc3)s2)c1,sirt2,molmim
Cc1cc(C)nc(SCC(=O)Nc2nnc(-c3ccccc3)s2)c1,sirt2,molmim
CC(C)c1cc(N)nc(SCC(=O)Nc2nc3ccccc3s2)n1,sirt2,molmim
Cc1cc(C)nc(C(=O)OCC(=O)Nc2ccc(Cc3ccccc3)cc2)n1,sirt2,molmim
O=C(CSc1ncccn1)Nc1ncc(Cc2cccc3ccccc23)s1,sirt2,molmim
Cc1ccnc(SCC(=O)Nc2nc(-c3cccc4ccccc34)cs2)n1,sirt2,molmim
Nc1ccnc(SCC(=O)Nc2nc(Cc3cccc4ccccc34)cs2)n1,sirt2,molmim
Cc1ccnc(SCC(=O)Nc2ccc3ccccc3c2)n1,sirt2,molmim
CCc1ccnc(SCC(=O)Nc2nc3ccc4ccccc4c3s2)n1,sirt2,molmim
Cc1ccnc(SCC(=O)Nc2nc(Cc3ccc(Cl)cc3)cs2)n1,sirt2,molmim
Cc1ccnc(CSCC(=O)Nc2nc(Cc3cnc4ccccc4c3)cs2)n1,sirt2,molmim
Cc1nc(SCC(=O)Nc2nc(Cc3ccc4ccccc4c3)ns2)n[nH]1,sirt2,molmim
Cc1csc(SCC(=O)N2CCC(c3ncc4ccccc4n3)CC2)n1,sirt2,molmim
Cc1ccnc(COCC(=O)Nc2cccc(Cc3cccc(C#N)c3)c2)n1,sirt2,molmim
Cc1cc(C)nc(SCC(=O)Nc2nnc(Cc3ccc(Br)cc3)s2)n1,sirt2,molmim
Cc1cc(C)nc(SCC(=O)Nc2nnc(Cc3ccc(Br)cc3)s2)n1,sirt2,molmim
Cc1cc(C)nc(SCC(=O)Nc2nnc(SCc3ccc(Br)cc3)s2)n1,sirt2,molmim
Cc1cc(C)nc(SCC(=O)Nc2nc(C)c(Cc3ccc(Br)cc3)s2)n1,sirt2,molmim
Cc1ccc(SCC(=O)Nc2nnc(Cc3ccc(Br)cc3)s2)nc1,sirt2,molmim
Cc1cc(C)nc(SCC(=O)Nc2cn(Cc3ccc(Br)cc3)nn2)n1,sirt2,molmim
Cc1ccc(C)c(SCC(=O)Nc2nnc(-c3ccc(Br)cc3)s2)n1,sirt2,molmim
Cc1cc(C)nc(SCC(=O)NCc2ncc(COc3ccc(Br)cc3)s2)n1,sirt2,molmim
Cc1cc(CNC(=O)CSc2nnc(Cc3cccnc3)s2)nc(C)n1,sirt2,molmim
CC[C@H](C)c1c(C)nn(CC(=O)Nc2nnc(SCc3ccc(Br)cc3)s2)c1C,sirt2,molmim
Cc1cc(C)nc(SCC(=O)Nc2nnc(C(F)(F)F)s2)n1,sirt2,molmim
Cc1cc(C#N)c(CC(=O)Nc2nnc(C(F)(F)F)s2)c(C)n1,sirt2,molmim
Cc1cc(C)nc(NC(=O)CSc2nnc(C(C)(C)C)s2)n1,sirt2,molmim
Cc1cc(C)nc(SCC(=O)N[C@H](c2csnn2)C(F)(F)F)n1,sirt2,molmim
Cc1cc(C)nc(SCC(=O)Nc2nc(C(F)(F)F)cs2)c1,sirt2,molmim
Cc1ccc(CS[C@@H](C)C(=O)Nc2nnc(C(F)(F)F)s2)nc1,sirt2,molmim
Cc1ccc(C)c(-n2cnnc2SCC(=O)Nc2nc(SC(F)(F)F)ns2)c1,sirt2,molmim
Cc1cc(=O)n(CC(=O)Nc2nc(C(F)(F)F)cs2)cn1,sirt2,molmim
Cc1cnn([C@@H](CNC(=O)CSc2nnc(C(C)C)s2)C(F)(F)F)c1,sirt2,molmim
Cc1cc(C)nc(SCCN(C)c2nnc(C(C)(C)C)o2)n1,sirt2,molmim
O=C(CSc1cccc(O)c1)Nc1ncccc1Cc1cccc2ccccc12,sirt2,molmim
O=C(CSc1cccc(O)c1)Nc1nc(Cc2ccccc2)cs1,sirt2,molmim
O=C(CSc1cccc(O)c1)Nc1nc(Cc2ccc3ccccc3c2)cs1,sirt2,molmim
O=C(CSc1cccc(O)c1)Nc1cc(Cc2ccccc2O)ccn1,sirt2,molmim
COc1cc(CC(=O)Nc2ncc(Cc3ccc4ccccc4c3)s2)ccc1O,sirt2,molmim
O=C(Cc1cccc(O)c1)Nc1nc(Cc2coc3ccccc23)cs1,sirt2,molmim
O=C(CCc1cccc(O)c1)Nc1nc(Cc2ccccc2)c(Sc2ccccc2)s1,sirt2,molmim
O=C(CSCc1ccccc1)Nc1nc(Cc2cccc(O)c2)cs1,sirt2,molmim
CN(C[C@H](O)COc1ccccc1)C(=O)c1csc(Sc2ccc3ccccc3c2)n1,sirt2,molmim
Cc1cccc(C[C@H](NC(=O)C[C@@H]2CSCCO2)c2ccccc2)c1,sirt2,molmim
Cc1cccc(Cc2cnc(NC(=O)CSc3nc(C)cc(C)n3)s2)c1,sirt2,molmim
Cc1cc(C)nc(SCC(=O)Nc2ncc(Cc3ccccc3C)s2)n1,sirt2,molmim
Cc1cc(C)nc(SCC(=O)Nc2nnc(Cc3ccccc3)s2)n1,sirt2,molmim
Cc1cc(C)nc(SCC(=O)Nc2nnc(Cc3ccccc3)s2)n1,sirt2,molmim
Cc1cccc(Cc2noc(SCC(=O)Nc3nc(C)cc(C)n3)n2)c1,sirt2,molmim
Cc1cccc(Cc2nc(CS(=O)(=O)Cc3nc(C)cc(C)n3)cs2)c1,sirt2,molmim
Cc1cc(C)nc(S[C@@H](C)C(=O)Nc2nnc(Cc3ccc(C(F)(F)F)cc3)s2)n1,sirt2,molmim
Cc1ccc(CSc2nnc(NC(=O)Cc3ncc(C(F)(F)F)cn3)s2)cc1,sirt2,molmim
Cc1cc(C)n(CC(=O)Nc2sc3ccccc3c2CCc2ccccc2)n1,sirt2,molmim
CCn1c(Cc2cc(C)ccc2C)nnc1N1CCC(Sc2ncc(C)s2)CC1,sirt2,molmim
O=C(CSc1ncccn1)Nc1ncc(Cc2ccccc2)s1,sirt2,molmim
O=C(CSc1ncccn1)Nc1ncc(Cc2ccccc2)s1,sirt2,molmim
O=C(CSc1ncccn1)Nc1ncc(Cc2ccc(Cl)cc2)s1,sirt2,molmim
O=C(CSc1ncccn1)Nc1sccc1Cc1ccccc1,sirt2,molmim
O=C(CSc1ncccn1)Nc1nc2cccc(CCc3ccccc3)c2s1,sirt2,molmim
C[C@H](C(=O)Nc1ncc(Cc2ccccc2)s1)c1cnccn1,sirt2,molmim
O=C(CSc1ncccc1C1CC1)Nc1nnc(Cc2ccccc2)s1,sirt2,molmim
O=C(CSc1nc(Cc2ccccc2)cs1)Nc1ncccn1,sirt2,molmim
O=C(NCCSc1ncccn1)c1csc(-c2ccccc2)n1,sirt2,molmim
O=S(=O)(Cc1cnccn1)Cc1cnc(Cc2ccccc2)s1,sirt2,molmim
Cc1cc(C)nc(SCC(=O)Nc2ncc(Cc3ccccc3)s2)n1,sirt2,molmim
Cc1cc(C)nc(SCC(=O)Nc2ncc(Cc3ccccc3)s2)n1,sirt2,molmim
Cc1cc(O)nc(SCC(=O)Nc2ncc(Cc3ccccc3)s2)n1,sirt2,molmim
Cc1cc(C)nc(SCC(=O)Nc2ncc(Cc3ccc(F)cc3)s2)n1,sirt2,molmim
Cc1cnc(SCC(=O)Nc2ncc(Cc3ccccc3)s2)nc1,sirt2,molmim
Cc1cc(C)nc(NC(=O)C(=O)Nc2ncc(Cc3ccccc3)s2)n1,sirt2,molmim
Cc1cc(C)nc(SCC(=O)Nc2nc(Cc3ccccc3)cs2)n1,sirt2,molmim
CCc1ccc(CC(=O)Nc2ncc(Cc3ccccc3)s2)nc1,sirt2,molmim
Cc1cnc(CSCC(=O)Nc2ncc(C(F)F)s2)nc1,sirt2,molmim
Cc1ccc(CSc2ncnc(NC(=O)c3ccc(-c4ccccc4)s3)n2)cc1,sirt2,molmim
Cc1cc(C)nc(SCC(=O)N[C@@H](C)Cc2cc3cc(Cl)ccc3s2)n1,sirt2,molmim
Cc1cc(C)nc(SCC(=O)NCCc2nc3cc(Cl)ccc3s2)n1,sirt2,molmim
CCc1cnc([C@H](C)CC(=O)Nc2nc3ccc(SCc4ccc(Cl)cc4)cc3s2)s1,sirt2,molmim
CC[C@H](C)Cc1sc(SCC(=O)Nc2nc(Cc3cccc(Cl)c3)cs2)nc1C,sirt2,molmim
Cc1cnc(NC(=O)CSCC(=O)Nc2nc3cc(Cc4ccc(Cl)cc4)ccc3s2)nc1,sirt2,molmim
CSc1nc(C)n(CCC(=O)NCCc2ccc3cccc(C(C)C)c3c2)n1,sirt2,molmim
CC1(C(=O)Nc2nc3cc(Cl)ccc3s2)CCC(F)(F)CC1,sirt2,molmim
Cc1cc(C)n(CC(=O)Nc2ccc(SCc3cccc(Cl)c3)nc2)n1,sirt2,molmim
Cc1nc(C)c(CC(=O)Nc2nc(-c3cc(Cl)ccc3Cl)cs2)c(C)n1,sirt2,molmim
Cc1cc(C)c(NC(=O)CSc2nnc(-c3ccc4c(Br)cccc4c3)s2)nc1C,sirt2,molmim
Cc1cc(C)nc(SCC(=O)Nc2nc(Cc3cccc(Cl)c3)cs2)n1,sirt2,molmim
Cc1cnc(SCC(=O)Nc2nc3c(Cl)cccc3s2)nc1,sirt2,molmim
Cc1cc(C)nc(SCC(=O)Nc2ccc3ccc(CC#N)cc3n2)n1,sirt2,molmim
Cc1cc(C)nc(COCC(=O)Nc2nc(Cc3cccc(Cl)c3)cs2)n1,sirt2,molmim
Cc1cc(C(F)(F)F)nc(CC(=O)Nc2nc(SCc3cccc(Cl)c3)cs2)n1,sirt2,molmim
Cc1cc(C)nc(SCc2nc(Cc3ccc4c(Cl)cccc4c3)no2)n1,sirt2,molmim
CC1(C(=O)Nc2nnc(SCc3ccc4ccc(Cl)cc4n3)s2)CC=CC1,sirt2,molmim
CC1(C)CSCCN1CC(=O)Nc1nc(COCc2cccc3ccccc23)cs1,sirt2,molmim
O=C(Cc1n[nH]c(Cc2ccc(F)cc2)n1)NCc1cccc(Sc2ccc(Cl)cc2)c1,sirt2,molmim
CCc1cc(CC)n(CC(=O)Nc2ccnc(SCc3cccc(C#N)c3)c2)n1,sirt2,molmim
Cc1cc(C)nc(SCC(=O)Nc2ncc(Cc3cccc4ccccc34)s2)n1,sirt2,molmim
Cc1cc(C)nc(SCC(=O)Nc2nc3ccc(Cc4ccccc4)cc3s2)n1,sirt2,molmim
COc1cc(C)nc(SCC(=O)Nc2nc(Cc3cccc4ccccc34)cs2)n1,sirt2,molmim
CCOC(=O)c1sc(NC(=O)CSc2nc(C)cc(C)n2)nc1-c1ccc2ccccc2c1,sirt2,molmim
Cc1nnc(SCC(=O)Nc2c(Cc3ccc(C)c(C)c3)ccc3ccccc23)s1,sirt2,molmim
Cc1cc(C)nc(SCC(=O)Nc2ccc(Cn3c(C)nc4ccccc43)cc2)n1,sirt2,molmim
Cc1nnc(SCC(=O)Nc2nc(Cc3c(C)cccc3C)cs2)s1,sirt2,molmim
Cc1cc(C)n(CC(=O)Nc2nc(Cc3cc4ccccc4cc3C)cs2)n1,sirt2,molmim
CSCCN(C)c1nnc(Cc2cc3ccccc3nc2C)n1CC(C)C,sirt2,molmim
,sirt2,molmim
CCOc1cccc(Cc2nnc(NC(=O)CSc3nc(C)cc(C)n3)s2)c1,sirt2,molmim
CCOc1ccc2nc(NC(=O)CSc3nc(C)cc(C)n3)sc2c1,sirt2,molmim
CCOC(=O)c1cccc(Cc2cnc(NC(=O)c3nc(C)cc(C)n3)s2)c1,sirt2,molmim
CCOc1ccccc1Cc1cnc(NC(=O)Cc2nc(C)cc(C)n2)s1,sirt2,molmim
CCOC(=O)c1ccc(Oc2ccc(NC(=O)CSc3nc(C)cc(C)n3)cc2)cc1,sirt2,molmim
CCc1nc(COc2ccc(NC(=O)CSc3nc(C)cc(C)n3)cc2)no1,sirt2,molmim
CCOc1ccc(-c2nc(SCC(=O)NCCS(=O)(=O)c3cc(C)cc(C)c3)c3ccccc3n2)cc1,sirt2,molmim
CCNC(=O)Cc1ccc(OCc2nnc(SCC(=O)Nc3ccc(C)cc3)n2C)cc1,sirt2,molmim
CCOCc1csc(NC(=O)Cc2nc(SC)n[nH]2)n1,sirt2,molmim
C#CCN(C)c1nnc(Cc2ccc(NC(=O)CSC(C)C)nc2)n1CCOC,sirt2,molmim
Cc1cc(C)nc(SCC(=O)Nc2nc(-c3cccc4ccccc34)cs2)n1,sirt2,molmim
Cc1cc(C)nc(SCC(=O)NCc2csc(Cc3cccc4ccccc34)n2)n1,sirt2,molmim
Cc1cc(C)nc(SCC(=O)Nc2nc(Cc3cccc(Br)c3)cs2)n1,sirt2,molmim
Cc1cc(C)nc(SCC(=O)Nc2cc(Cc3ccc4ccccc4c3)ccn2)n1,sirt2,molmim
Cc1cc(C)n(CCC(=O)Nc2nc(Cc3cccc4ccccc34)ns2)n1,sirt2,molmim
Cc1cc(C)nc(SCC(=O)N[C@H]2CCc3sc4ccccc4c3C2)n1,sirt2,molmim
Cc1cc(C)nc(SCC(=O)NNc2nc(Nc3ccc4ccccc4c3)cs2)n1,sirt2,molmim
CCC(=O)NCC(=O)Nc1nnc(SCc2cccc3ccccc23)s1,sirt2,molmim
Cc1cc(C)nc(CNC(=O)CSc2nc(Cc3ccccc3)cs2)n1,sirt2,molmim
Cc1cc(C)nc(SCCC(=O)NNC(=O)c2cc3c4c(sc3s2)CCCC4)n1,sirt2,molmim
Cc1cc(C)nc(SCC(=O)Nc2ncc(Cc3ccc4ccccc4c3)s2)n1,sirt2,molmim
COc1ccc(Cc2cnc(NC(=O)CSc3nc(C)cc(C)n3)s2)cc1,sirt2,molmim
Cc1cc(C)nc(SCC(=O)Nc2nc3ccccc3s2)n1,sirt2,molmim
Cc1cc(C)nc(SCC(=O)Nc2ccc3sc(Cc4ccccc4)nc3c2)n1,sirt2,molmim
Cc1cnc(CC(=O)Nc2nnc(Cc3ccc4ccccc4c3)s2)nc1C,sirt2,molmim
Cc1cc(C)nc(SCC(=O)NCc2nc3ccccc3s2)n1,sirt2,molmim
Cc1cc(C)n(CCC(=O)Nc2ncc(Cc3csc4ccccc34)s2)n1,sirt2,molmim
Cc1nnc(SCC(=O)Nc2ccc(OCc3cccc4ccccc34)cc2)s1,sirt2,molmim
Cc1cc(C)nc(N2CCN(CC(=O)Nc3nc(CC(=O)OCc4ccccc4)c(C)s3)CC2)n1,sirt2,molmim
Cc1nc(C)n(CCNC(=O)c2csc([C@@H](C)c3ccc4ccccc4c3)n2)n1,sirt2,molmim
CC(C)(Sc1ncccn1)C(=O)Nc1ncc(Cc2c[nH]c3ccccc23)s1,sirt2,molmim
CC(C)(Sc1ncccn1)C(=O)Nc1nc(Cc2cccc3ccccc23)cs1,sirt2,molmim
O=C(CSc1ncccn1)Nc1nc(Cc2cccc3ccccc23)cs1,sirt2,molmim
O=C(Cn1cnccc1=O)Nc1ncc(Cc2cc3ccccc3o2)s1,sirt2,molmim
C/C(=C\c1ccccn1)C(=O)Nc1nc(-c2cccc3ccccc23)cs1,sirt2,molmim
CC(C)(Sc1ncc(CN)s1)C(=O)Nc1cnn(Cc2ccc3ccccc3c2)c1,sirt2,molmim
CSc1nccnc1C(=O)N(C)c1nc(Cc2ccc3ccccc3c2)cs1,sirt2,molmim
CSC[C@H]1CCCCN1c1nnc(Cc2nccc3ccccc23)n1CC(C)C,sirt2,molmim
Cn1ccnc1C(C)(C)C(=O)Nc1ccc(Cc2ccc(O)cc2)cc1,sirt2,molmim
Cn1cnnc1SCC(=O)NCc1nc2ccccc2s1,sirt2,molmim
Cc1cc(C)nc(SCC(=O)Nc2ncc(Cc3ccc(Cl)cc3)s2)n1,sirt2,molmim
Cc1cc(C)nc(SCC(=O)Nc2ncc(Cc3ccc(Cl)cc3)s2)n1,sirt2,molmim
Cc1cc(C)nc(SCC(=O)Nc2nc(Cc3ccc(Cl)cc3)cs2)n1,sirt2,molmim
Cc1cc(C)nc(SCC(=O)Nc2ccc(Cc3ccc(Cl)cc3)cn2)n1,sirt2,molmim
Cc1cnc(CC(=O)Nc2cnc(SCc3ccc(Cl)cc3)nc2)s1,sirt2,molmim
Cc1cc(C)nc(NCC(=O)Nc2ccc(Sc3ccc(Cl)cc3)cc2)n1,sirt2,molmim
Cc1cnc(SCC(=O)Nc2nc(Cc3ccc([N+](=O)[O-])cc3)cs2)s1,sirt2,molmim
Cc1cnc(C(=O)CSc2nnc(Cc3ccc(Cl)cc3)s2)s1,sirt2,molmim
O=C(C[C@H]1CCC2(CCC2)CO1)Nc1ncc(SCc2ccc(Cl)cc2)cn1,sirt2,molmim
COC(=O)c1c(NC(=O)CSc2ccc(C)cc2)sc2cc(SC)ccc12,sirt2,molmim
Cc1cc(C)nc(SCC(=O)Nc2nnc(Cc3cccc4ccccc34)s2)n1,sirt2,molmim
Cc1nnc(SCC(=O)Nc2nc(Cc3cccc4ccccc34)cs2)s1,sirt2,molmim
Cc1cc(C)nc(SCC(=O)Nc2nc(Cc3ccc4ccccc4c3)cs2)n1,sirt2,molmim
Cc1cc(C)nc(NC(=O)CSc2nnc(-c3cccc4ccccc34)o2)n1,sirt2,molmim
Cc1cc(C)nc(SCC(=O)Nc2nc(Cc3ccccc3)nc3sccc23)n1,sirt2,molmim
Cc1cnc(SCC(=O)Nn2c(S)nnc2Cc2cccc3ccccc23)nc1,sirt2,molmim
Cc1cc(C)nc(SCC(=O)Nc2nc3cc(Cc4ccccc4)ccc3[nH]2)n1,sirt2,molmim
Cc1cnc(C(=O)CSc2nnc(Cc3csc4ccccc34)o2)s1,sirt2,molmim
O=C(Cc1cc(F)cc(F)c1)Nc1ccc(CSc2nc3ccccc3s2)cn1,sirt2,molmim
O=C(C[C@H]1CCC2(CCC2)CO1)Nc1nnc2ccccc2n1,sirt2,molmim
CCNC(=O)Cc1nnc(NC(=O)CSc2nc(-c3ccccc3)c3ccccc3n2)s1,sirt2,molmim
CCc1nnc(CN(Cc2ccccc2)C(=O)CSc2nc(-c3ccccc3)c3ccccc3n2)s1,sirt2,molmim
O=C(CSc1nc(-c2ccccc2)nc(-c2ccccc2)n1)NCc1ccccn1,sirt2,molmim
O=C(Nc1nc(-c2ccccc2)nc(-c2ccccc2)n1)c1csc(Cc2ccccc2)n1,sirt2,molmim
O=C(CSc1nnc(-c2ccccc2)n1-c1ccccc1)NNC(=O)Cc1ccccc1,sirt2,molmim
Cc1cccc(-c2csc(NC(=O)CSc3ccc(-c4ccccc4)cc3-c3nn[nH]n3)n2)n1,sirt2,molmim
N#Cc1ccc(CN(Cc2ccccc2)C(=O)CSc2nnc(-c3ccccc3)s2)cc1,sirt2,molmim
O=C(Cc1ccccc1)NCc1nc(SCc2cccc(-c3ccccc3)c2)n[nH]1,sirt2,molmim
O=C(NC[C@H]1CCN(C(=O)c2ccnc(-c3ccccc3)n2)[C@@H]1c1cccnc1)c1cnc(Cc2ccccc2)nc1,sirt2,molmim
O=C(CCc1ccccc1)N1CCO[C@@]2(CCN(C(=O)Cc3cccnc3)C2)C1,sirt2,molmim
CCOc1ccc2nc(NC(=O)CSc3nc(C)cc(C)n3)sc2c1,sirt2,molmim
CCOc1ccc2nc(NC(=O)CSc3nnc(C)s3)sc2c1,sirt2,molmim
CCOc1ccc2cc(NC(=O)CSc3nc(C)cc(C)n3)ccc2c1,sirt2,molmim
CCOc1ccc(NC(=O)CSc2nc(C)cc(C)n2)nc1,sirt2,molmim
Cc1cc(SCC(=O)Nc2nc3ccccc3s2)nc(C)n1,sirt2,molmim
CCOc1ccc(NC(=O)CSc2ncc(C)cn2)cc1,sirt2,molmim
Cc1cc(C)nc(SCC(=O)N[C@@H](C)c2nc3ccccc3s2)n1,sirt2,molmim
CCc1cc(C)nc(SCC(=O)Nc2nc(-c3ccc(C)cc3)cs2)n1,sirt2,molmim
CSc1nnc(NC(=O)Cc2sc(C)nc2C)s1,sirt2,molmim
CCc1ccc(-c2nc3sc(SCc4nc(O)cc(C(F)(F)F)n4)nc3s2)cc1,sirt2,molmim
CCC(CC)(SC)C(=O)Nc1ncc(Cc2ccc(Cl)cc2)s1,sirt2,molmim
CCCC[C@H](SC)C(=O)Nc1nnc(Cc2cccc(Cl)c2)s1,sirt2,molmim
CCCc1nc(NC(=O)CSc2nc(C)cc(CC)n2)sc1Cc1cccc(Cl)c1,sirt2,molmim
CCC(CC)(CNC(=O)C(=O)Nc1ncc(Cc2cccc(C)c2)s1)Nc1ncccn1,sirt2,molmim
Cc1cc(C)nc(SCC(=O)Nc2nc(C)c(Cc3cccc(C#N)c3)s2)n1,sirt2,molmim
CCNc1nc(S[C@H](CC)c2nnc(C)s2)nc2sc(Cc3ccc(Cl)cc3)cc12,sirt2,molmim
CSc1nc(C)c(CCC(=O)Nc2nnc(Cc3ccc4ccccc4c3)s2)c(C)n1,sirt2,molmim
CCC(CC)(CC)C(=O)Nc1ccc(C(=O)c2ccc3ccccc3n2)cn1,sirt2,molmim
CCC(CC)(CNC(=O)c1ccc(C)cc1C)NC(=O)Cc1cccc(F)c1,sirt2,molmim
C=CCCC(=O)NCC1(O)CN(C(=O)Cc2nc3ccccc3[nH]2)C1,sirt2,molmim
Cc1cc(C)nc(SCC(=O)Nc2nc3ccc(Cc4cccc(Cl)c4)cc3s2)n1,sirt2,molmim
Cc1cc(C)nc(SCC(=O)Nc2cccc(Cc3ccc(Cl)cc3)c2)n1,sirt2,molmim
Cc1cc(C)nc(SCC(=O)Nc2nc(Cc3ccc(Cl)c(Cl)c3)cs2)n1,sirt2,molmim
Cc1ccc(C)c(SCC(=O)Nc2nnc(Cc3cccc4ccccc34)s2)c1,sirt2,molmim
Cc1cc(C)nc(SCc2nc(Cc3ccc4cc(Cl)ccc4c3)no2)n1,sirt2,molmim
Cc1cc(C)nc(CC(=O)Nc2cc(CSc3ccc(Cl)cc3)ccn2)n1,sirt2,molmim
Cc1cc(C)nc(SCC(=O)Nc2ccc3c(ccc(=O)n3Cc3ccc(Cl)cc3)c2)c1,sirt2,molmim
Cc1cnc(CS(=O)(=O)CC(=O)Nc2cccc(Cc3ccc(Cl)cc3)n2)s1,sirt2,molmim
Cc1cnc(SCc2csc(Nc3cccc(C(N)=O)c3Cl)n2)nc1,sirt2,molmim
Cc1cc(CNC(=O)C(=O)Nc2ccc(Sc3ccc(Cl)cc3)c(C(F)(F)F)c2)nc(C)n1,sirt2,molmim
Cc1cc(C)nc(SCC(=O)Nc2ccc(-c3ccc(Cc4ccccc4)cc3)cc2)n1,sirt2,molmim
Cc1cc(C)nc(SCC(=O)Nc2nc(Cc3ccc(Cl)cc3)cs2)n1,sirt2,molmim
Cc1cc(C)nc(SCC(=O)Nc2nnc(Cc3ccc(C#N)cc3)s2)n1,sirt2,molmim
CCCS(=O)(=O)CC(=O)Nc1nc(Cc2ccc(-c3ccccc3)cc2)cs1,sirt2,molmim
Cc1cc(C)nc(CC(=O)Nc2ccc(SCc3ccccc3)nc2)n1,sirt2,molmim
Cc1ccc(C)c(SCC(=O)Nc2nnc(Cc3cccc4ccccc34)s2)c1,sirt2,molmim
CSc1ncc(CC(=O)Nc2ccc(Cc3ccccc3)cc2)cn1,sirt2,molmim
Cc1cc(CNC(=O)C(=O)Nc2nc(-c3ccccc3)c(C(C)(C)C)s2)nc(C)n1,sirt2,molmim
COc1ccc(CSc2ccc(NC(=O)Cc3nc(C)cc(C)n3)cc2)cc1,sirt2,molmim
Cc1cc(Cl)nc(CC(=O)OCc2nc(-c3ccc(Cc4ccccc4)cc3)no2)c1,sirt2,molmim
Cc1cc(C)nc(SCC(=O)Nc2nc(Cc3cccc4ccccc34)cs2)n1,sirt2,molmim
Cc1cnc(SCC(=O)Nc2nc(Cc3cccc4ccccc34)cs2)nc1,sirt2,molmim
Cc1cc(C)nc(SCC(=O)Nc2nc(Cc3ccccc3)cs2)n1,sirt2,molmim
Cc1cc(C)nc(SCC(=O)Nc2nc(Cc3ccc4ccccc4c3)cs2)n1,sirt2,molmim
Cc1cc(C)nc(SCC(=O)NNc2nc(-c3cccc4ccccc34)cs2)n1,sirt2,molmim
Cc1cccc(NC(=O)c2cccc(NC(=O)CSc3nc(C)cc(C)n3)c2)c1,sirt2,molmim
COc1cccc2c(NC(=O)CSc3nc(C)cc(O)n3)ccnc12,sirt2,molmim
Cc1nc(NC(=O)CSc2nc(Cc3ccccc3)nc3ccccc23)sc1C,sirt2,molmim
Cc1cc(C)n(CC(=O)NCc2nc(Cc3cccc4ccccc34)cs2)n1,sirt2,molmim
Cc1cc(C)nc(CN(C)C(=O)[C@H](C)Sc2nc3ccc(-c4ccccc4)cc3s2)n1,sirt2,molmim
Cc1cc(C)nc(SCC(=O)Nc2nc(Cc3cccc4ccccc34)cs2)n1,sirt2,molmim
Cc1cc(C)nc(SCC(=O)Nc2nc(Cc3cccc4ccccc34)cs2)n1,sirt2,molmim
Cc1cc(C)nc(OCC(=O)Nc2nc(Cc3cccc4ccccc34)cs2)n1,sirt2,molmim
Cc1cc(C)nc(SCC(=O)Nc2cccc(Cc3nc4ccccc4s3)c2)n1,sirt2,molmim
Cc1cc(C)nc(SCC(=O)Nc2nc(-c3ccc(Cc4ccccc4)cc3)cs2)n1,sirt2,molmim
Cc1cnc(SCC(=O)Nc2cc(OCc3cccc4ccccc34)ncn2)nc1,sirt2,molmim
Cc1cc(O)nc(CCC(=O)Nc2nc(Cc3cccc4ccccc34)c(C)s2)n1,sirt2,molmim
Cc1cc(C)cc(SCC(=O)Nc2nc3cc(CC(C)C)ccc3s2)c1,sirt2,molmim
Cc1ccc(S(=O)(=O)NCCC(=O)Nc2nc(SCc3ccc4ccccc4c3)ns2)cc1,sirt2,molmim
CCc1nc(C)cc(C(=O)Nc2cc(-c3cc4ccccc4s3)[nH]n2)n1,sirt2,molmim
Cc1cc(C)nc(SCC(=O)Nc2nc(Cc3cccc4ccccc34)cs2)n1,sirt2,molmim
Cc1cc(C)nc(SCC(=O)Nc2nc(Cc3cccc4ccccc34)cs2)n1,sirt2,molmim
Cc1cc(C)nc(SCC(=O)Nc2nc(Cc3ccc4ccccc4c3)cs2)n1,sirt2,molmim
Cc1cc(C)nc(SCC(=O)Nc2nc(Cc3ccc4ccccc4c3)cs2)n1,sirt2,molmim
Cc1cc(C)cc(S(=O)(=O)CC(=O)Nc2nc(Cc3cccc4ccccc34)cs2)c1,sirt2,molmim
Cc1cc(C)nc(SCC(=O)Nc2ccc(Oc3ccc4ccccc4n3)cc2)n1,sirt2,molmim
Cc1cc(C)n(CC(=O)Nc2nc(SCc3cccc4ccccc34)cs2)n1,sirt2,molmim
Cc1cc(O)c(CNC(=O)c2cnc(Cc3cccc4ccccc34)s2)cc1C,sirt2,molmim
Cc1cc(C(=O)NCc2nc(Cc3ccccc3)cs2)cc(NS(C)(=O)=O)n1,sirt2,molmim
CC(C)SCc1noc(-c2nc3ccccc3s2)n1,sirt2,molmim
CC(C)(C)OC(=O)Nc1cccc(C(=O)NNC(=S)Nc2ccc(C(F)(F)F)cc2)c1,sirt2,molmim
CC(C)(C)OC(=O)Nc1ccc(-c2noc(CC(=O)NNC(=O)Nc3ccc(C(F)(F)F)cc3)n2)cc1,sirt2,molmim
O=C(NNC(=S)Nc1ccc(C(F)(F)F)cc1)c1cccc(NC(=O)C(F)(F)F)c1,sirt2,molmim
CC(C)(C)OC(=O)NCc1cc(C(=O)NNC(=O)Nc2ccc(C(F)(F)F)cc2)co1,sirt2,molmim
CCOc1ccc(-c2cc(C(=O)NNC(=S)Nc3ccc(C(F)(F)F)cc3)cnn2)cc1,sirt2,molmim
CCOC(=O)Nc1cccc(-c2noc(SCC(=O)Nc3ccc(NC(N)=O)cc3)n2)c1,sirt2,molmim
CC(C)(C)Oc1cncc(-c2nc(C(=O)NNC(=O)c3ccc(C(F)(F)F)cc3)co2)c1,sirt2,molmim
CC(C)(C)OC(=O)NCc1cc(C(=O)NNC(=S)NC2CCCCC2)no1,sirt2,molmim
CC(C)(C)OC(=O)N=c1ccn(-c2cccc(C(=O)NNC(=O)NCCc3ccc(F)cc3)c2)c(N)n1,sirt2,molmim
C[C@@H]1CC[C@H](C(=O)NNC(=S)NCC(F)(F)F)CN1C(=O)OC(C)(C)C,sirt2,molmim
Cc1cc(C)nc(NC(=O)CSc2nncn2Cc2ccc(OCc3ccccc3)cc2)n1,sirt2,molmim
Cc1cc(C)nc(NC(=O)CSc2nnc(Cc3csc(COc4ccccc4)n3)n2C)n1,sirt2,molmim
Cc1cc(C)nc(SCc2nc(Cc3csc(CCOc4ccccc4)n3)no2)n1,sirt2,molmim
Cc1cc(C)n(Cc2csc(NC(=O)Cc3csc(COc4ccc(C)c(C)c4)n3)n2)n1,sirt2,molmim
CC(C)SCCNC(=O)[C@@H]1CCCN1Cc1nc2cc(OCc3ccccc3)ccc2s1,sirt2,molmim
Cc1cc(C)cc(NC(=O)CSc2ccc(C(=O)OCc3nc(Cc4cn5c(n4)CCC5)no3)cc2)c1,sirt2,molmim
Cc1nnc(SCc2ccc(-c3nc(Cc4ccc(OCc5ccccc5)cc4)no3)cc2)n1C,sirt2,molmim
Cc1cc(CSc2nc(N)nc(Cc3ccc(OCc4cscn4)cc3)n2)nn1C,sirt2,molmim
Cc1ccc(CC(=O)NNC(=O)Cc2nc(Cn3nnc(-c4ccc(N5CCOCC5)nc4)n3)cs2)cc1,sirt2,molmim
Cn1ccc2c(O)nc(Cc3nc(-c4ccc(CCC(=O)N5CCCCC5)cc4)no3)nc21,sirt2,molmim
O=C(O)CCNC(=S)NCCCNc1nc(NC(=O)c2ccccc2)nc2ccccc12,sirt2,molmim
COC(=O)c1cnc(NCCCNC(=S)NCCC(N)=O)cc1OCc1ccccc1,sirt2,molmim
COCCCC(=O)NCCCNc1cc(C(N)=O)nc(NCc2ccccc2)n1,sirt2,molmim
O=C(O)CCNC(=O)CCCNc1nc(N(CCO)Cc2ccccc2)nc2ccccc12,sirt2,molmim
COC(=O)CCCC(=O)NN=Cc1cnc(N2CCOCC2)nc1NCc1ccccc1,sirt2,molmim
COCC(=O)Nc1nc2ccccc2nc1NCCCNC(=O)NCCCSC,sirt2,molmim
N=C(Nc1ccnc(OCc2ccccc2)c1)SCCCNC(=O)CCC(=O)O,sirt2,molmim
CCOC(=O)CCNc1cc(NCCC(=O)NCC#N)nc(C(=O)OCC)n1,sirt2,molmim
CC[C@H](NC(=O)NCCCNC(=O)CCSC)c1nccn1Cc1ccccc1,sirt2,molmim
COCCNC(=O)c1cccc(NC(=O)CCNC(=S)NCCC(=O)OC)c1,sirt2,molmim
Cc1cc(C)cc(SCC(=O)Nc2ncc(Cc3cccc4ccccc34)s2)c1,sirt2,molmim
Cc1cc(C)cc(SCC(=O)Nc2nc(Cc3ccccc3)cs2)c1,sirt2,molmim
Cc1cc(C)cc(CC(=O)Nc2nc(Cc3cccc4ccccc34)cs2)c1,sirt2,molmim
Cc1cc(C)nc(SCC(=O)Nc2cccc(Cc3cccc4ccccc34)c2)n1,sirt2,molmim
C#CCSCC(=O)Nc1ncc(Cc2ccc3ccccc3c2)s1,sirt2,molmim
Cc1cc(C)cc(CNC(=O)c2cnc(SCc3cccc4ccccc34)s2)c1,sirt2,molmim
Cc1cc(C)cc(C[C@H](C)NC(=O)c2csc(Cc3cccc4ccccc34)n2)c1,sirt2,molmim
Cc1cc(C)nc(SCC(=O)Nc2nc(Cc3cccc(Br)c3)cs2)c1,sirt2,molmim
C[C@@H](Cc1csc2ccccc12)NC(=O)CSc1cc(F)cc(F)c1,sirt2,molmim
Cc1cc(C)cc(SCc2noc(Cc3ccc4ccccc4c3)n2)c1,sirt2,molmim
Cc1cc(C)nc(SCC(=O)Nc2nc(-c3ccc(Cc4ccccc4)cc3)cs2)n1,sirt2,molmim
Cc1cc(C)nc(SCC(=O)Nc2ccc(Cc3ccc4ccccc4c3)cn2)n1,sirt2,molmim
Cc1cc(C)nc(SCC(=O)Nc2ccc(-c3ccccc3F)cc2)n1,sirt2,molmim
CSc1nc(C)c(C)nc1C(=O)Nc1nc(-c2ccc(Cc3ccccc3)cc2)cs1,sirt2,molmim
CSc1ccc(Cc2nc(C)c(C(=O)N[C@H](C)Cn3nc(C)cc3C)s2)cc1,sirt2,molmim
C[C@H](NCc1ncc(-c2ccccc2)s1)[C@H](C)NC(=O)Cc1cncnc1,sirt2,molmim
CCS(=O)(=O)NC(=O)CSCc1nc(Cc2ccc(-c3ccccc3)nc2)no1,sirt2,molmim
Cc1ccc(-c2nc(CNC(=O)CSc3ncc(C)cn3)cs2)cc1,sirt2,molmim
CCn1nc(C(=O)NCc2ccc(-c3ccc(SC)cc3)cc2)cc1C,sirt2,molmim
Nc1ccc(-c2nnc(NC(=O)C3CCN(C(=O)C(F)(F)F)CC3)s2)cc1,sirt2,molmim
Cc1cc(C)nc(SCC(=O)Nc2nc(Cc3cccc4ccccc34)cs2)n1,sirt2,molmim
CCC(CC)(CC)C(=O)Nc1ncc(Cc2ccccc2C)s1,sirt2,molmim
CCC(CC)(SC)C(=O)Nc1nnc(Cc2cccc3ccccc23)s1,sirt2,molmim
CCC(C(=O)Nc1cc(C(=O)Nc2cccc3ccccc23)ccn1)c1nc(C)cc(C)n1,sirt2,molmim
CCC(CC)(Sc1nc(C)cc(C)n1)C(=O)Nc1nc(Cc2ccc3ccccc3c2)cs1,sirt2,molmim
CSC[C@@H](NC(=O)c1ccc(C)cn1)C(=O)Nc1nc(Cc2ccc3ccccc3c2)cs1,sirt2,molmim
CCC(CC)(SC)C(=O)Nc1nnc(Cc2ccc3ccccc3c2)s1,sirt2,molmim
Cc1ccc2nnc(SCC(=O)Nc3ccc(Cc4ccccc4)s3)nc2c1,sirt2,molmim
Cc1cnc(SC(C)(C)C(=O)N2CC3(CCCN3C(=O)c3sc4ccccc4c3CO)C2)nc1,sirt2,molmim
CCC(CC)(Sc1nnc(C)s1)C(=O)Nc1nc(Cc2ccc(F)cc2)cs1,sirt2,molmim
Cc1cc(C)nc(SCC(=O)Nc2nc(Cc3cccc4ccccc34)cs2)n1,sirt2,molmim
Cc1cc(C)nc(SCC(=O)Nc2nc(Cc3cccc4ccccc34)cs2)n1,sirt2,molmim
Cc1cc(C)nc(SCC(=O)NCc2nc(Cc3cccc4ccccc34)cs2)n1,sirt2,molmim
Cc1ccc2cnc(SCC(=O)Nc3ncc(Cc4ccc5ccccc5c4)s3)nc2c1,sirt2,molmim
Cc1cc(C)nc(SCC(=O)Nc2nc(Cc3ccc4ccccc4c3)cs2)n1,sirt2,molmim
Cc1cc(C)nc(SCC(=O)N2CCN(C(=O)c3cccc4ccccc34)CC2)n1,sirt2,molmim
Cc1ccc(Cc2nc3c(NC(=O)CSc4nc(C)cc(Cl)n4)cccc3s2)cc1,sirt2,molmim
Cc1nnc(SCC(=O)Nc2nc(Cc3ccc4ccccc4c3)cs2)n1N,sirt2,molmim
Cc1cc(C)nc(CC(=O)Nc2cc(C(=O)Nc3cccc4ccccc34)ccn2)n1,sirt2,molmim
C[C@H]1CCCN1C(=O)CN1CCN(c2nc(Cc3ccccc3)ns2)CC1,sirt2,molmim
C#CCOc1cccc(Cc2cnc(NC(=O)CSc3nc(C)cc(C)n3)s2)c1,sirt2,molmim
CCn1nc(C)c(CC(=O)Nc2ncc(Cc3cccc(OC)c3)s2)c1C,sirt2,molmim
CCOc1ccccc1Cc1csc(NC(=O)CSc2nc(C)cc(C)n2)n1,sirt2,molmim
C#CCCOc1ccc(CNC(=O)CSc2nc(C)cc(C)n2)cn1,sirt2,molmim
Cc1cc(C(C)(C)C)nc(SCC(=O)Nc2cccc(COc3ccc(CC#N)cc3)c2)n1,sirt2,molmim
C#CCOc1cccc(-c2ccnc(NC(=O)CCSc3ccc(C)cn3)n2)c1,sirt2,molmim
C#CCOc1cccc(Cc2nnc(N3CCC[C@H]3c3nc(C)cc(SC)n3)n2CC)c1,sirt2,molmim
CSc1cc(C)nc(N(C)Cc2cccc(OCc3ccccn3)c2)n1,sirt2,molmim
CSc1nc(Cl)cc(NC(=O)Nc2nc(C#Cc3ccccc3)cs2)n1,sirt2,molmim
Cc1ccc(=O)n(CCC(=O)NCc2cc(COc3ccc(C#N)cc3)on2)n1,sirt2,molmim
Cc1cc(C)nc(SCC(=O)Nc2nc(Cc3cccc4ccccc34)cs2)n1,sirt2,molmim
Cc1cc(C)nc(SCC(=O)Nc2nc(Cc3cccc4ccccc34)cs2)n1,sirt2,molmim
Cc1cc(C)nc(SCC(=O)Nc2cccc(Cc3cccc4ccccc34)c2)n1,sirt2,molmim
Cc1cc(C)nc(SCC(=O)Nc2nc(Cc3csc4ccccc34)cs2)n1,sirt2,molmim
Cc1cc(C)nc(SCC(=O)Nc2cccc(Cc3nc4ccccc4s3)c2)n1,sirt2,molmim
Cc1cc(C)nc(CC(=O)Nc2nc(SCc3cccc4ccccc34)cs2)n1,sirt2,molmim
Cc1cc(C)nc(NC(=O)CSc2nc3c(s2)-c2ccccc2CC3)n1,sirt2,molmim
Cc1ccc(NC(=O)Cc2noc(SCc3csc(Cc4cccc5ccccc45)n3)n2)cc1,sirt2,molmim
Cc1cc(=O)n(CC(=O)Nc2ccccc2SCc2ccc(C)c3ccccc23)cn1,sirt2,molmim
Cc1nn(Cc2noc(Cc3cccc4ccccc34)n2)c(C)c1[N+](=O)[O-],sirt2,molmim
O=C(CSc1ncccn1)Nc1noc(Cc2cccc3ccccc23)n1,sirt2,molmim
Cn1cnnc1SCC(=O)Nc1ncc(Cc2ccc3ccccc3c2)s1,sirt2,molmim
O=C(CSc1ncccn1)Nc1sc2ccccc2c1C1CC1,sirt2,molmim
O=C(CSc1ncccn1)Nc1cc(Cc2ccc3ccccc3c2)ccn1,sirt2,molmim
NC(=O)c1cccc(Cc2csc(NC(=O)CSc3ncccn3)n2)c1,sirt2,molmim
O=C(CSc1cnccn1)Nc1nc2cc3ccccc3cc2s1,sirt2,molmim
O=C(Cc1ncccn1)Nc1ccnc(SCc2ccc(Cc3ccccc3)s2)c1,sirt2,molmim
O=S(=O)(Cc1ncccn1)Nc1nc(Cc2ccc3ccccc3c2)cs1,sirt2,molmim
C#Cc1cnc(CNC(=O)N2CCC(c3ccc4ccccc4c3)CC2)nc1,sirt2,molmim
Cc1nccn1CCCn1c(CCCc2ccc3ccccc3c2)nnc1N1CCSCC1,sirt2,molmim
Cc1nc(SCC(=O)Nc2nc(Cc3ccccc3C#N)cs2)nc(C)c1C,sirt2,molmim
Cc1cc(C)nc(SCC(=O)Nc2nnc(Cc3ccc4ccccc4c3)s2)n1,sirt2,molmim
Cc1ccc(CSCC(=O)Nc2nc(Cc3cccc4ccccc34)ns2)cc1C,sirt2,molmim
Cc1cnc(SCC(=O)Nc2nc3ccc(Cc4ccccc4)cc3s2)nc1C,sirt2,molmim
Cc1nnc(SCC(=O)Nc2ccc(Cc3csc4ccccc34)cc2)nc1C,sirt2,molmim
Cc1cn(CC(=O)Nc2nc(SCc3cccc4ccccc34)cs2)nc1C,sirt2,molmim
Cc1cc(C)nc(CS(=O)(=O)CC(=O)Nc2nc(Cc3cccc4ccccc34)cs2)n1,sirt2,molmim
CSc1nc(CC(=O)Nc2nc(-c3cccc4ccccc34)cs2)nc(C)c1C,sirt2,molmim
Cc1ccc2nc(CCC(=O)Nc3cc(Cc4cccc(Cl)c4)cs3)oc2c1C,sirt2,molmim
O=C(Cc1nc(S)nc(S)n1)Nc1cc([C@H]2CCCCN2C(=O)Cc2ccc3ccccc3c2)[nH]n1,sirt2,molmim
COc1ccc(Cc2cnc(NC(=O)CSc3nc(C)cc(C)n3)s2)cc1,sirt2,molmim
COc1ccc(Cc2cnc(NC(=O)CSc3nc(C)c(C)c(C)n3)s2)cc1,sirt2,molmim
COc1ccc(Cc2cnc(NC(=O)CCc3nc4cc(Cl)ccc4n3C)s2)cc1,sirt2,molmim
COc1ccc(Cc2nnc(N(C)C(=O)CSc3nc(C)cc(C)n3)s2)cc1,sirt2,molmim
COc1ccc(CN(C)C(=O)CSc2nc(C)cc(C)n2)cc1,sirt2,molmim
COc1ccc(CN(C)C(=O)CSc2nc(C)cc(C)n2)nc1,sirt2,molmim
COc1ccc(CN(C)c2nnc(CN(C)C(=O)CSCc3cc(C)cc(C)c3)s2)cc1,sirt2,molmim
COCc1ccc(N(C)C(=O)CSc2nc(C)cc(C(C)(C)C)n2)cc1,sirt2,molmim
Cc1cc(SCC(=O)N(C)Cc2ncc(-c3ccccc3)o2)nc(C(C)C)n1,sirt2,molmim
CCN(Cc1ccc(OC)cc1)c1nnc(Cc2ccccn2)n1C[C@@]1(C)CCSC1,sirt2,molmim
CCc1cc(CC)nc(SCC(=O)Nc2nnc(Cc3ccc4ccccc4c3)s2)n1,sirt2,molmim
CCc1nnc(SCC(=O)Nc2nc(Cc3cccc4ccccc34)cs2)s1,sirt2,molmim
CCc1cc(CC)nc(SCc2csc(Cc3ccccc3)n2)n1,sirt2,molmim
CCc1nc(SCC(=O)Nc2nc(Cc3ccccc3)ns2)sc1CC,sirt2,molmim
CCc1nc(CSCC(=O)Nc2nc(Cc3ccc4ccccc4n3)cs2)c(CC)s1,sirt2,molmim
C=CCNC(=O)CSc1n[nH]c(Cc2ccc3ccccc3c2)n1,sirt2,molmim
CCc1ccc(NS(=O)(=O)CC(=O)Nc2nc(Cc3ccccc3)ns2)cc1,sirt2,molmim
CCc1cc(C)cnc1CC(=O)NCCc1nc(Cc2cccc(C(F)(F)F)c2)no1,sirt2,molmim
CCC(=CC(=O)Nc1cc(C(=O)c2ccc3ccccc3n2)ccn1)CC,sirt2,molmim
CCC[C@@H](CC)C(=O)NC[C@@H](C)NCc1noc(CC)n1,sirt2,molmim
Cc1cc(C)nc(SCC(=O)Nc2ncc(Cc3cccc(Br)c3)s2)n1,sirt2,molmim
Cc1cc(C)nc(SCC(=O)Nc2nc(Cc3ccc4ccccc4c3)cs2)n1,sirt2,molmim
Cc1cnc(SCC(=O)Nc2nc(Cc3ccc4cc(Br)ccc4c3)cs2)nc1,sirt2,molmim
Cc1cnc(SCC(=O)Nc2nc(Cc3cccc(Br)c3)cs2)s1,sirt2,molmim
Cc1cc(C)nc(OCC(=O)NCc2cccc(CSc3ccc(Br)cc3Br)c2)c1,sirt2,molmim
Cc1cc(C)n(CC(=O)Nc2cccc(Cc3ccc4ccc(Br)cc4n3)c2)n1,sirt2,molmim
Cc1cc(C)nc(NC(=O)C2CCN(C(=S)Nc3nc4cc(Br)ccc4s3)CC2)n1,sirt2,molmim
CCc1cc(C)n(CC(=O)Nc2ncccc2SCc2ccc(Br)cc2)n1,sirt2,molmim
Cc1cc(Br)cnc1CC(=O)Nc1nc2cc(Br)ccc2[nH]1,sirt2,molmim
CC(C)(C)c1cn(CC(=O)Nc2cccc(CS(=O)(=O)c3ccc(Br)cc3)c2)nn1,sirt2,molmim
O=C(Cc1ccc(I)s1)Nc1ncc(Cc2cccc3ccccc23)s1,sirt2,molmim
O=C(CNC(=O)c1cccc([N+](=O)[O-])c1)Nc1ncc(Cc2cccc3ccccc23)s1,sirt2,molmim
NC(=O)Cc1ccc(C(=O)Nc2nc(Cc3cccc4ccccc34)cs2)cc1,sirt2,molmim
CC(=O)Nc1cccc(C(=O)Nc2nc(Cc3cccc4ccccc34)cs2)c1,sirt2,molmim
NC(=O)c1cccc(CC(=O)Nc2ccc3sc(Cc4ccccc4)nc3c2)c1,sirt2,molmim
COc1ccccc1Cc1csc(NC(=O)c2cccc(S(C)(=O)=O)c2)n1,sirt2,molmim
O=C1C[C@H](CCC(=O)N[C@@H](CO)Cc2cccc3ccccc23)CN1,sirt2,molmim
O=C(Cc1cccc(C(=O)O)c1)Nc1nc(Cc2cccc(F)c2)cs1,sirt2,molmim
CNC(=O)c1cccc(NC(=O)C(=O)N[C@@H](C)Cc2nc3ccccc3s2)c1,sirt2,molmim
CN(Cc1cccc([S@](C)=O)c1)Cc1nc(Cc2ccc3ccccc3c2)no1,sirt2,molmim
O=C(NNC(=S)Nc1ccc(C(F)(F)F)cc1)c1ccc2ccccc2n1,sirt2,molmim
O=C(NNC(=S)Nc1ccc(C(F)(F)F)cc1)c1noc(-c2ccc3ccccc3c2)n1,sirt2,molmim
O=C(Cc1noc(-c2ccccc2)n1)NNC(=S)Nc1ccc(C(F)(F)F)cc1,sirt2,molmim
N#Cc1ccc(Oc2ccc(NC(=S)NNC(=O)c3ccc(C(F)(F)F)cc3)cn2)cc1,sirt2,molmim
O=C(NNC(=O)c1ccc2cccnc2n1)Nc1ccc(C(F)(F)F)cc1,sirt2,molmim
O=C(NNC(=S)c1ccc(C(F)(F)F)cc1)c1cnc(-c2ccc3ccccc3c2)nc1,sirt2,molmim
O=C(NNC(=S)Nc1ccc(F)cc1)c1ccc(-c2nc3ccccc3o2)nc1,sirt2,molmim
Cc1ccc(NC(=S)NNC(=O)c2cc(-c3ccco3)on2)cc1,sirt2,molmim
O=C(NNC(=S)NCc1nc(-c2cccc(Cl)c2)no1)c1ccc(F)cc1,sirt2,molmim
C[C@H](NC(=O)NCc1nc(-c2ccc3ccccc3c2)no1)c1ccc(SC(F)(F)F)cc1,sirt2,molmim
O=C(NNC(=S)Nc1cccc(C(F)(F)F)c1)c1noc(-c2ccc3ccccc3c2)n1,sirt2,molmim
O=C(NNC(=S)Nc1cccc(C(F)(F)F)c1)c1cnc(-c2ccc(C(F)(F)F)cc2)nc1,sirt2,molmim
N#Cc1ccc(Oc2cccc(C(=O)NNC(=S)Nc3cccc(C(F)(F)F)c3)c2)cc1,sirt2,molmim
O=C(NNC(=S)NCCc1nc(-c2ccccc2)no1)c1cccc(C(F)(F)F)c1,sirt2,molmim
O=C(NNC(=O)c1ccc2cccnc2n1)Nc1cccc(C(F)(F)F)c1,sirt2,molmim
CC(C)(C(=O)NNC(=S)Nc1ccccc1)c1nc(-c2ccccc2)no1,sirt2,molmim
O=C(NNC(=S)Nc1cccc(F)c1)c1cc(-c2cccnc2)on1,sirt2,molmim
O=C(NNC(=S)Nc1ccc(C(F)F)cc1)c1cnc2ccccc2c1,sirt2,molmim
C[C@H](NC(=S)NCc1nc(-c2ccc3ccccc3c2)no1)c1cccc(C(F)(F)F)c1,sirt2,molmim
O=C(NNC(=S)NCc1nc(-c2cccc(Cl)c2)no1)c1cccc(F)c1,sirt2,molmim
CN(C)c1nc(-c2ccc(C(=O)NNC(=S)Nc3ccc(C(F)(F)F)cc3)cc2)no1,sirt2,molmim
CC(C)(C)c1nc(-c2cccc(C(=O)NNC(=S)Nc3ccc(C(F)(F)F)cc3)c2)no1,sirt2,molmim
Cc1ccc(NC(=S)NNC(=O)c2nnc(-c3ccc(C(F)(F)F)cc3)o2)cc1,sirt2,molmim
CC(C)(C)c1ccc(-c2cc(C(=O)NNC(=S)Nc3cccc(C(F)(F)F)c3)on2)cc1,sirt2,molmim
CC(C)(C)c1ccc(CNC(=S)NNC(=O)c2noc(-c3ccc(C(F)(F)F)cc3)n2)cc1,sirt2,molmim
CC(C)(C)c1ccc(-c2cc(C(=O)NNC(=O)NCc3ccc(C(F)(F)F)cc3)no2)cc1,sirt2,molmim
CC(C)(C)c1nc(-c2cccc(C(=O)NCc3ccc(C(F)(F)F)cc3)c2)no1,sirt2,molmim
CC(C)c1cc(-c2nc(-c3ccc(C(F)(F)F)cc3)no2)no1,sirt2,molmim
CC(C)(C)c1nnc(CNC(=O)NCc2ccc(NC(=O)C(F)(F)F)cc2)o1,sirt2,molmim
CSCC[C@H](C)N(C)c1nnc([C@@H]2CCCN2C(=O)OC(C)(C)C)n1Cc1ccc(C(N)=O)nc1,sirt2,molmim
Cc1cc(C)nc(SCC(=O)NCc2nc3cc(Cl)ccc3s2)n1,sirt2,molmim
Cc1cc(C)nc(SCC(=O)Nc2nc3ccc([N+](=O)[O-])cc3s2)n1,sirt2,molmim
Cc1cc(C)nc(SCC(=O)NNC(=O)c2ccc3ccccc3c2)n1,sirt2,molmim
Cc1cc(C)cc(SCC(=O)Nc2nnc(Cc3cccc(C(F)(F)F)c3)s2)c1,sirt2,molmim
Cc1cc(O)nc(NC(=O)C(=O)Nc2cccc(Cc3cccc(Cl)c3)c2)n1,sirt2,molmim
Cc1ccc(Cc2nnc(SCC(=O)Nc3cccc(Cn4ccc5cc(Cl)ccc54)c3)n2C)cc1,sirt2,molmim
Cc1ccnc(CCNC(=O)c2csc(Cc3cccc(Cl)c3)n2)n1,sirt2,molmim
Cc1nc(Cl)cc(CC(=O)Nc2nc(CSCc3ccc4ccccc4c3)cs2)n1,sirt2,molmim
Cc1nc(C)c(C(=O)Nc2nc(Cc3ccc(Cl)cc3)cs2)nc1C,sirt2,molmim
CC(C)NC(=O)NCc1noc([C@@]2(C)CCCc3sc4ccccc4c32)n1,sirt2,molmim
Cc1cc(C)nc(S[C@@H](C)C(=O)Nc2nnc(Cc3cccc4ccccc34)s2)n1,sirt2,molmim
Cc1cc(C)nc(S[C@@H](C)C(=O)Nc2cc(Cc3ccccc3)cs2)n1,sirt2,molmim
Cc1cc(C)nc(NC(=O)[C@@H](C)Sc2ncnc3scc(Cc4ccccc4)c23)n1,sirt2,molmim
Cc1cc(C)nc(S[C@@H](C)C(=O)NC(C)(C)CSCc2ccc3ccccc3c2)n1,sirt2,molmim
CSc1ncc(C)c(N[C@H](C)C(=O)Nc2nc3cccc(C(F)(F)F)c3s2)n1,sirt2,molmim
Cc1cc(C)nc(SCC(=O)N[C@H]2CCc3nc(NC(=O)c4ccnc5ccccc45)sc3C2)n1,sirt2,molmim
Cc1cc(=O)n([C@@H](C)C(=O)Nc2nc(CSCc3ccc4ccccc4c3)cs2)cn1,sirt2,molmim
Cc1cc(C)nc([C@H](C)NC(=O)Nc2cc(SCc3ccc4ccccc4c3)ccn2)n1,sirt2,molmim
CCN(CC(F)(F)F)[C@H](C)C(=O)Nc1nc(Cc2ccc3ccccc3n2)cs1,sirt2,molmim
Cc1nc(C)nc([C@H](C)c2nc(Cc3ccc4c(c3)-c3ccccc3CC4)no2)n1,sirt2,molmim
COc1ccc([C@H](C)NC(=O)CSc2nnc(-c3ccc(-c4ccccc4)s3)n2C2CC2)cc1,sirt2,molmim
COC(=O)N[C@H](C)C(=O)NCCCc1sc(-c2cccs2)nc1-c1ccc(C2CC2)cc1,sirt2,molmim
COc1ccc([C@@H](CNC(=O)c2cc(-c3ccc(-c4ccccc4)s3)on2)C(N)=O)cc1,sirt2,molmim
COc1cc(C(N)=O)ccc1NC(=O)[C@@H](C)Sc1nnc(-c2ccc(-c3ccccc3)cc2)s1,sirt2,molmim
C[C@@H](OC(=O)c1sc(-c2cccs2)nc1-c1ccccn1)c1cccc(C(N)=O)c1,sirt2,molmim
CNC(=O)[C@H](Cc1ccc(O)cc1)NC(=O)Cc1nnc(-c2ccc(C3CC3)cc2)s1,sirt2,molmim
Nc1ccc(OC[C@@H]2CCCN2C(=O)c2ncoc2-c2nc(-c3ccccc3)cs2)cc1,sirt2,molmim
NC(=O)c1ccc(CNC(=O)c2cc(C3CC3)nn2-c2ccc(C(F)(F)F)s2)cc1,sirt2,molmim
COC(=O)c1ccc(CN[C@@H]2CCCc3ccc(-c4nc(-c5ccc(OC)cc5)no4)cc32)s1,sirt2,molmim
C[C@@H](CC(=O)Nc1nc2c(c(-c3cccs3)n1)CCCC2)NC(=O)OC(C)(C)C,sirt2,molmim
Cc1cc(C)nc(SCC(=O)Nc2nnc(Cc3ccc4ccccc4c3)s2)n1,sirt2,molmim
Cc1cc(C)nc(SCC(=O)Nc2nnc(Cc3ccc4ccccc4c3)s2)n1,sirt2,molmim
Cc1cc(C)nc(SCC(=O)Nc2nc(Cc3ccc4ccccc4c3)cs2)n1,sirt2,molmim
Cc1cc(C)nc(SCC(=O)Nc2nc(Cc3ccccc3)cs2)n1,sirt2,molmim
Cc1cc(C)cc(SCC(=O)Nc2ncc(Cc3ccc4ccccc4c3)cn2)c1,sirt2,molmim
Cc1cc(C)nc(C(=O)NCCSc2ncc(Cc3ccccc3)s2)n1,sirt2,molmim
Cc1cc(C)nc(CNC(=O)c2coc(Cc3ccc4ccccc4c3)n2)n1,sirt2,molmim
Cc1cc(C)nc(SCC(=O)Nc2nc(Cc3ccc4ccccc4n3)cs2)c1,sirt2,molmim
Cc1cc(C)nc(SCC(=O)N(C)Cc2nccc3ccccc23)n1,sirt2,molmim
Cc1cc(C)nc(CC(=O)NCc2csc(SCc3ccccc3)n2)n1,sirt2,molmim
Cc1cc(C)cc(S[C@H](C)C(=O)Nc2ncnc(Cc3cccc4ccccc34)n2)c1,sirt2,molmim
Cc1cnc(NC(=O)[C@H](C)Sc2nnc(Cc3ccc4ccccc4c3)s2)nc1,sirt2,molmim
Cc1cc(C)nc(CS[C@@H](C)C(=O)Nc2nc(Cc3ccccc3)cs2)n1,sirt2,molmim
Cc1cc(C)nc(SCC(=O)Nc2nc(Cc3ccccc3F)cs2)n1,sirt2,molmim
Cc1cnc([C@H](C)C(=O)Nc2nc(-c3ccc4ccccc4c3)cs2)cn1,sirt2,molmim
COc1c(C)cc(C(=O)Nc2nc(CSc3nccc4ccccc34)ns2)cc1C,sirt2,molmim
Cc1cnc(CC(=O)N[C@H](C)CNC(=O)c2cc3ccccc3s2)nc1,sirt2,molmim
Cc1ncc(S(C)(=O)=O)cc1C(=O)Nc1ncnc2c(Cc3ccccc3)cccc12,sirt2,molmim
C[C@H]1CC[C@H](C(=O)NCc2ncc3c(ccc4ccccc43)n2)CS1,sirt2,molmim
Cc1ccc(C(=O)N2CCC[C@H](C(=O)Nc3nc4ccccc4s3)C2)cc1,sirt2,molmim
Cc1cc(C)nc(SCC(=O)Nc2ncc(Cc3ccc4ccccc4c3)s2)n1,sirt2,molmim
Cc1cc(C)nc(SCC(=O)Nc2nc(Cc3ccc4ccccc4c3)cs2)n1,sirt2,molmim
Cc1cc(C)nc(SCC(=O)Nc2nc(Cc3ccc4ccccc4c3)cs2)n1,sirt2,molmim
Cc1cc(C)nc(SCC(=O)N[C@@H](C)c2nc(Cc3ccc4ccccc4c3)cs2)n1,sirt2,molmim
Cc1cc(C)nc(SCC(=O)Nc2nc3c(C)cccc3s2)n1,sirt2,molmim
Cc1cc(C)nc(SCC(=O)Nc2nc(Cc3cccc4ccccc34)cs2)n1,sirt2,molmim
CC(C)NC(=O)CSc1nnc(Cc2ccc3ccccc3c2)s1,sirt2,molmim
Cc1nnc(S)n1CCC(=O)Nc1nc(Cc2ccc3ccccc3c2)cs1,sirt2,molmim
Cc1cc(C)n(CC(=O)Nc2nnc(-c3cccc(Cc4ccccc4)c3)s2)n1,sirt2,molmim
Cc1ccc(SCC(=O)N2CCc3cnc(Cc4ccccc4)nc32)cc1,sirt2,molmim
CCCc1cc(O)nc(SCC(=O)Nc2nc(Cc3ccccc3)cs2)n1,sirt2,molmim
CCCc1nc(O)nc(SCC(=O)Nc2nc(Cc3cccc4ccccc34)cs2)n1,sirt2,molmim
CCCc1cc(O)nc(CNc2ncc(Cc3cccc4cccc(O)c34)s2)n1,sirt2,molmim
Cc1nc(O)cc(CCC(=O)Nc2nc(Cc3cccc4ccccc34)cs2)n1,sirt2,molmim
CCc1cnc(SCC(=O)Nc2nc(Cc3ccc4ccccc4c3)cs2)nc1O,sirt2,molmim
Cc1cc(C)nc(NC(=O)CSc2nc(Cc3cccc4ccccc34)cs2)c1,sirt2,molmim
C=CCCc1cc(O)nc(SCC(=O)Nc2cncc(-c3ccccc3)c2)n1,sirt2,molmim
CCCc1nc(CS(=O)(=O)Cc2csc(Cc3cccc4ccccc34)n2)c(O)o1,sirt2,molmim
O=C(Nc1cccc([C@@H](O)c2cccc3ccccc23)c1)c1cc(O)nc(S)n1,sirt2,molmim
COCCCNC(=O)Cc1noc(-c2ccc3c(n2)-c2ccccc2CC3)n1,sirt2,molmim
CCN(C(=O)CSc1nc(C)cc(C)n1)c1nc(-c2cccc3ccccc23)cs1,sirt2,molmim
Cc1cc(C)nc(SCC(=O)N(C)Cc2csc(Cc3ccccc3)n2)n1,sirt2,molmim
Cc1cc(C)nc(C(=O)Nc2ncc(Cc3cccc4ccccc34)cc2C)n1,sirt2,molmim
Cc1cc(C)nc(CC(=O)N(C)c2nc(-c3cccc4ccccc34)cs2)n1,sirt2,molmim
Cc1cc(C)nc(SCC(=O)N2CCC(c3noc(-c4cc5ccccc5s4)n3)CC2)n1,sirt2,molmim
Cc1cnc(CCN(C)c2nc(CSCc3cccc4ccccc34)ns2)s1,sirt2,molmim
Cc1cc(C)nc(SCc2noc(Cc3ccc4ccccc4c3)n2)n1,sirt2,molmim
Cc1cc(C)nc([C@@H](C)SCC(=O)N[C@@H](C)c2nc(CSc3cnc4ccccc4c3)cs2)n1,sirt2,molmim
Cc1cc(C)nc(C(=O)N(C)c2nc(Cc3ccc(O)cc3)cs2)c1,sirt2,molmim
CCS(=O)(=O)CCN(C)c1nnc(Cc2ccc3ccccc3c2)n1Cc1cnc(C)s1,sirt2,molmim
Cc1cc(C)nc(SCC(=O)Nc2nc(-c3cccc4ccccc34)cs2)n1,sirt2,molmim
Cc1cc(C)nc(SCC(=O)Nc2nc(Cc3ccccc3)cs2)n1,sirt2,molmim
Cc1cc(C)nc(C(=O)Nc2nc(Cc3cccc4ccccc34)cs2)n1,sirt2,molmim
Cc1cc(C)nc(CC(=O)Nc2nc(CSCc3cccc4ccccc34)cs2)n1,sirt2,molmim
Cc1cc(C)nc(SCCN(C)c2nnc(Cc3cccc4ccccc34)n2C)n1,sirt2,molmim
Cc1cc(C)nc(CC(=O)Nc2nc(-c3cccc4ccccc34)cs2)n1,sirt2,molmim
Cc1cc(C)nc(OCC(=O)Nc2nc(Cc3ccc4ccccc4n3)cs2)n1,sirt2,molmim
Cc1cc(C)nc(SCc2noc(-c3cc4ccccc4s3)n2)n1,sirt2,molmim
Cc1cc(C)nc(S(=O)(=O)CC(=O)Nc2nc(CSc3ccc4ccccc4c3)ns2)c1,sirt2,molmim
Cc1cc(C)nc(C(=O)Nc2nc(Cc3cccc(O)c3)cs2)c1,sirt2,molmim
Cc1cc(C)nc(SCC(=O)Nc2ncc(Cc3ccc4ccccc4c3)s2)n1,sirt2,molmim
Cc1cc(C)nc(SCC(=O)Nc2nc3cc4ccccc4cc3s2)n1,sirt2,molmim
Cc1cc(C)nc(SCC(=O)Nc2noc(Cc3ccc4ccccc4c3)n2)n1,sirt2,molmim
Cc1cc(C)nc(SCC(=O)Nc2nc(Cc3cccc(S(N)(=O)=O)c3)cs2)n1,sirt2,molmim
Cc1cc(C)nc(SCC(=O)N2CCC(Cc3noc4ccccc34)CC2)n1,sirt2,molmim
Cc1cc(C)nc(CNC(=O)N2CCC(c3ccc4ccccc4c3)CC2)n1,sirt2,molmim
Cc1nc(CS(=O)(=O)Nc2nc(Cc3ccc4ccccc4c3)cs2)c(C)s1,sirt2,molmim
C[C@@]1(C(=O)NCc2csc(SCc3csc(Cc4ccccc4)n3)n2)CCCO1,sirt2,molmim
CNC(=O)CCCn1c(CCCc2ccc3ccccc3c2)nnc1N1CCSC(C)(C)C1,sirt2,molmim
CC[C@H](C)SCC(=O)N1CCC[C@H]1c1nc2ccccc2o1,sirt2,molmim
Cc1cc(C)nc(SCC(=O)Nc2nnc(Cc3ccc(Cl)cc3)s2)n1,sirt2,molmim
Cc1cc(C)nc(SCC(=O)Nc2nnc(Cc3ccc(Cl)cc3)s2)n1,sirt2,molmim
CCc1cc(C)nc(SCC(=O)Nc2nnc(Cc3ccc(Cl)cc3)s2)n1,sirt2,molmim
Cc1cnc(SCC(=O)Nc2nnc(Cc3ccc(Cl)cc3)s2)nc1C,sirt2,molmim
Cc1ccc(Cc2nnc(NC(=O)CSCc3ncccn3)s2)cc1,sirt2,molmim
Cc1cc(C)nc(SCC(=O)Nc2ncc(Cc3ccc(C#N)cc3)cn2)n1,sirt2,molmim
Cc1nc(C)n(CC(=O)Nc2nnc(CCc3ccc(Cl)cc3)s2)n1,sirt2,molmim
Cc1ccc(CSc2nnc(NC(=O)Cc3nc(C)cc(C)n3)s2)cc1,sirt2,molmim
CCn1c(Nc2ccc(C)cn2)nnc1SCC(=O)c1cc(C)ccc1Cl,sirt2,molmim
Cc1cc(C)cc(CN(C)C(=O)CSc2ncc(CN)cn2)c1,sirt2,molmim
Cc1cc(C)nc(SCC(=O)Nc2nc(Cc3ccc4ccccc4c3)cs2)n1,sirt2,molmim
Cc1cc(C)nc(SCC(=O)Nc2nc(Cc3ccc4ccccc4c3)cs2)n1,sirt2,molmim
Cc1cc(C)nc(SCC(=O)Nc2cccc3sc4c(c23)CCCC4)n1,sirt2,molmim
Cc1ccccc1Cc1cccc(NC(=O)CSc2nnc(C)c(C)n2)c1,sirt2,molmim
Cc1ccn(CC(=O)Nc2nc(Cc3cc4ccccc4s3)cs2)c(=O)n1,sirt2,molmim
Cc1cn(CCNC(=O)c2csc(Cc3cccc4ccccc34)n2)c(=S)nc1C,sirt2,molmim
CNC(=O)CCn1c(Cc2ccc3ccccc3c2)nnc1N1CCC(c2nc(C)cc(C)n2)CC1,sirt2,molmim
Cc1cc(C)nc(C(=O)Nc2ccn(Cc3ccc4ccccc4c3)n2)c1,sirt2,molmim
CCn1c(Cc2ccccc2)nnc1SCC(=O)N[C@H](C)C[C@@H](C)O,sirt2,molmim
CS(=O)(=O)c1ccc(C(=O)Nc2nccc(-c3cccc(Br)c3)n2)nc1,sirt2,molmim
Cc1cc(C)nc(SCC(=O)Nc2nccc3ccccc23)n1,sirt2,molmim
Cc1cc(C)nc(SCC(=O)Nc2nc(Cc3ccc4ccccc4c3)cs2)n1,sirt2,molmim
Cc1cc(C)nc(SCC(=O)Nc2nc(Cc3ccc4ccccc4c3)cs2)n1,sirt2,molmim
Cc1cc(C)nc(SCC(=O)Nc2nc(Cc3ccc4ccccc4c3)cs2)n1,sirt2,molmim
Cc1cc(C)nc(SCC(=O)Nc2nc(Cc3ccc4ccccc4c3)cs2)n1,sirt2,molmim
Cc1cc(CO)nc(SCC(=O)Nc2ccccc2Cc2ccccc2)n1,sirt2,molmim
Cc1cc(C)nc(SCC(=O)N[C@H](C)c2ccc3ccccc3n2)n1,sirt2,molmim
Cc1cc(C)cc(SCC(=O)Nc2nc(COc3ccc4ccccc4c3)ns2)c1,sirt2,molmim
CC(C)SCC(=O)Nc1ccc(Cc2nc3c(ccc4ccccc43)s2)cc1,sirt2,molmim
Cc1cc(C)nc(NC(=O)[C@@H](C)Sc2nc3cc(Cc4ccccc4)ccc3s2)n1,sirt2,molmim
O=C(O)CCCCNC(=S)NCCCc1nc2ccccc2[nH]1,sirt2,molmim
O=C(O)CCNC(=S)NCCCc1nc2ccccc2n1Cc1ccccc1F,sirt2,molmim
CC(C)NC(=O)CCNC(=S)NCCCc1nc2ccccc2n1C1CC1,sirt2,molmim
O=C(O)CNC(=O)NCCCN(CCCc1nc2ccccc2[nH]1)Cc1cccnc1,sirt2,molmim
CC(=O)NCCCNC(=O)CCSc1ncnc2scc(CCc3ccccc3)c12,sirt2,molmim
C=CC(=O)NCCCNC(=S)NCCCc1cn(Cc2ccc3ccccc3c2)c(O)n1,sirt2,molmim
CC(=O)NCCCN(CCNC(C)=O)Cc1nc(O)c2c(n1)[nH]c1ccccc12,sirt2,molmim
O=C(O)CC(=O)NCCNC(=O)CCNc1ccc(Cc2nc3c(ccc4ccccc43)[nH]2)cc1,sirt2,molmim
O=C(O)CSCC(=O)Nc1cccc(NC(=O)CCc2nc(O)c3ccccc3n2)c1,sirt2,molmim
,sirt2,molmim
O=C(NNC(=O)c1noc(-c2ccc3ccccc3c2)n1)Nc1cccc(C(F)(F)F)c1,sirt2,molmim
COc1ccccc1-c1nc(C(=O)NNC(=O)Nc2cccc(C(F)(F)F)c2)co1,sirt2,molmim
O=C(NNC(=O)c1nc2ccccc2s1)Nc1cccc(C(F)(F)F)c1,sirt2,molmim
O=C(NNC(=O)c1cccc(C(F)(F)F)c1)Nc1nc(-c2cc3ccccc3o2)no1,sirt2,molmim
O=C(Nc1cccc(C(F)(F)F)c1)N1CCN(C(=O)c2ccc3ccccc3c2)CC1,sirt2,molmim
O=C(NNC(=O)c1noc(-c2ccc3ccccc3c2)n1)Nc1ccc(-c2ccccc2)cc1,sirt2,molmim
FC(F)(F)c1cccc(-c2noc(-c3cc4ccccc4o3)n2)c1,sirt2,molmim
Cc1cc(-c2noc(-c3cccc(C(F)(F)F)c3)n2)ccc1F,sirt2,molmim
CCc1cccc(NNC(=O)c2noc(-c3cc4ccccc4o3)n2)c1,sirt2,molmim
O=C(NNC(=O)c1nnc(-c2ccc3ccccc3c2)o1)N[C@@H]1CC[C@@H](c2ccccc2)C1,sirt2,molmim
Cc1cc(C)nc(SCC(=O)Nc2ncc(Cc3ccccc3)s2)n1,sirt2,molmim
Cc1cc(C)nc(SCC(=O)Nc2nnc(Cc3ccccc3)s2)n1,sirt2,molmim
Cc1cc(C)nc(NC(=O)CSc2ncc(Cc3ccccc3)s2)n1,sirt2,molmim
Cc1cc(C)nc(SCC(=O)Nc2nc(Cc3ccccc3)cs2)n1,sirt2,molmim
Cc1cc(C)nc(SCC(=O)Nc2ccc(C(N)=O)cc2)n1,sirt2,molmim
CC(C)(C)c1nc(Cl)nc(SCC(=O)Nc2ccc(Cc3ccccc3)cc2)n1,sirt2,molmim
CCc1ccc(CN(C)C(=O)CSc2nc(C)cc(C)n2)cc1,sirt2,molmim
Cc1cc(C)n(CC(=O)OCc2cnc(Cc3ccccc3)s2)n1,sirt2,molmim
CC(C)[C@@H](O)CSc1nnc(Cc2ccccc2)s1,sirt2,molmim
CC[C@@H]1CN(c2nnc(CCc3ccccc3)n2CCCC(C)(C)C)CCS1,sirt2,molmim
COCCCn1cc(COc2cccc(CNC(=O)CSc3ccc(C)cn3)c2)nn1,sirt2,molmim
CCCCc1noc(COc2cccc(CNC(=O)CSc3nnc(C)s3)c2)n1,sirt2,molmim
Cc1cc(CSc2nnc(C)n2CC(=O)Nc2cccc(OCCc3cscn3)c2)nc(C)n1,sirt2,molmim
COCCCOc1ccc(Cn2nnnc2CSc2nc(C)cc(C)n2)cc1,sirt2,molmim
COCCOc1ccc(CCc2nc(CSc3nc(C)cc(C)n3)cs2)cc1,sirt2,molmim
COC(=O)CCc1nc(Cn2cc(CSc3cc(C)nc(C)n3)nn2)cs1,sirt2,molmim
COCCc1noc(Cc2csc(NC(=O)Cn3nc(C)cc3C)n2)n1,sirt2,molmim
CCOc1ccc(OCc2noc(Cc3csc(NC(=O)Cn4nc(C)cc4C)n3)n2)cc1,sirt2,molmim
CCCCOc1ccc(-c2nnc(SCc3nc4nc(C)cc(C)n4n3)n2C)cn1,sirt2,molmim
Cc1c(CCC(=O)Nc2nnc(SCC#N)n2C)sc2nc(CC3CCOCC3)nc(O)c12,sirt2,molmim
Cc1cc(C)nc(SCC(=O)Nc2nc(Cc3cccc4ccccc34)cs2)n1,sirt2,molmim
Cc1cc(C)nc(SCC(=O)Nc2nc(Cc3ccccc3)cs2)n1,sirt2,molmim
Cc1cc(C)nc(SCC(=O)Nc2nc(Cc3ccc4ccccc4c3)cs2)n1,sirt2,molmim
Cc1cc(C)nc(SCC(=O)Nc2nc(Cc3ccc4ccccc4c3)cs2)n1,sirt2,molmim
Cc1cc(C)nc(SCC(=O)Nc2nc(Cc3ccc4ccccc4c3)cs2)n1,sirt2,molmim
Cc1cc(C)nc(NC(=O)CSc2nnc(Cc3ccc4ccccc4c3)s2)n1,sirt2,molmim
C[C@@H]1OCCO[C@@H]1C(=O)Nc1cc(OCc2cccc3ccccc23)ccn1,sirt2,molmim
Cc1cc(C)nc(SCC(=O)N2CCN(Cc3cccc(C(F)(F)F)c3)CC2)n1,sirt2,molmim
Cc1cnc(OCC(=O)NCc2nc(-c3ccc4ccccc4c3)cs2)nc1,sirt2,molmim
Cc1cnc(C(=O)N2CCN(C(=O)Cc3noc(Cc4cccc(C(F)(F)F)c4)n3)CC2)cn1,sirt2,molmim
Cc1cc(C)nc(SCC(=O)Nc2ncc(Cc3ccc4ccccc4c3)s2)n1,sirt2,molmim
Cc1cc(C)nc(SCC(=O)Nc2ncc(Cc3ccc4ccccc4c3)s2)n1,sirt2,molmim
Cc1cc(C)nc(SCC(=O)Nc2nnc(Cc3ccc4ccccc4c3)s2)n1,sirt2,molmim
Cc1cc(C)nc(SCC(=O)Nc2nc(Cc3ccc4ccccc4c3)cs2)n1,sirt2,molmim
Cc1cc(C)nc(SCC(=O)Nc2nc(Cc3cccc4ccccc34)cs2)n1,sirt2,molmim
Cc1cc(C)nc(SCC(=O)N2CCc3ncc(-c4ccccc4)cc3C2)n1,sirt2,molmim
Cc1cnc(N2CCN(C(=O)Cc3noc(Cc4ccc5ccccc5c4)n3)CC2)nc1,sirt2,molmim
Cc1cc(C)n(CC(=O)Nc2nc(-c3ccc(Cc4ccccc4)cc3)cs2)n1,sirt2,molmim
C[C@@H]1OCCO[C@@H]1C(=O)Nc1cc(OCc2ccc3ccccc3c2)ccn1,sirt2,molmim
Cc1ccc(OCC(=O)NCc2nnc(-c3ccc4ccccc4c3)s2)c(O)c1,sirt2,molmim
Cc1cc(C)nc(SCC(=O)Nc2nnc(Cc3cccc4ccccc34)s2)n1,sirt2,molmim
Cc1cc(C)nc(SCC(=O)Nc2cc(Cc3ccccc3)cs2)n1,sirt2,molmim
Cc1cc(C)nc(SCC(=O)N[C@H]2CCc3nc(NC(=O)c4ccnc5ccccc45)sc3C2)n1,sirt2,molmim
Cc1cc(C)nc(NC(=O)CSc2ncnc3scc(Cc4ccccc4)c23)n1,sirt2,molmim
Cc1cc(C)nc(NCC(=O)Nc2nc(Cc3c[nH]c4ccccc34)cs2)n1,sirt2,molmim
Cc1ccc2nc(NC(=O)CSCc3ccc4ccccc4n3)sc2c1,sirt2,molmim
Cc1cc(C)n(CC(=O)Nc2nc(Cc3ccc4ccccc4c3)cs2)c(=O)n1,sirt2,molmim
Cc1cc(C)nc(CNC(=O)Cc2noc(Cc3ccc4c(c3)-c3ccccc3CC4)n2)n1,sirt2,molmim
CSCc1cc2ccccc2nc1NC(=O)NCCn1nc(C)cc1C,sirt2,molmim
CCN(CC(=O)Nc1nc(Cc2ccc3ccccc3n2)cs1)CC(F)(F)F,sirt2,molmim
Cc1cc(C)nc(SCC(=O)Nc2nc(-c3ccc4ccccc4c3)cs2)n1,sirt2,molmim
Cc1cnc(SCC(=O)Nc2cccc(OCc3cccc4ccccc34)c2)nc1,sirt2,molmim
Cc1cc(C)n(CC(=O)Nc2nc(Cc3cccc4ccccc34)cs2)n1,sirt2,molmim
Cc1cc(C)nc(SCC(=O)NS(=O)(=O)Cc2ccc3ccccc3c2)n1,sirt2,molmim
Cc1nc(SCC(=O)Nc2nnc(Cc3ccc4ccccc4c3)s2)sc1C(C)C,sirt2,molmim
Cc1cc(C)cc(SCCNC(=O)c2csc(Cc3cccc4ccccc34)n2)c1,sirt2,molmim
Cc1ncc(CN(C)c2nnc(Cc3cccc4ccccc34)n2CC(N)=O)s1,sirt2,molmim
Cc1nc(CSCC(=O)Nc2nc3ccc(Cc4ccccc4)cc3s2)cs1,sirt2,molmim
Cc1nc(NC(=O)CSc2nc(Cc3ccccc3)cs2)cc(C(F)(F)F)n1,sirt2,molmim
CCOC(=O)Cc1noc(SCc2csc3ccccc23)n1,sirt2,molmim
Cc1cc(C)nc(SCC(=O)Nc2cccc3ccccc23)n1,sirt2,molmim
Cc1cc(C)nc(SCC(=O)Nc2ccccc2Cc2nc3ccccc3s2)n1,sirt2,molmim
Cc1cc(C)nc(SCC(=O)Nc2nc(-c3cccc(Cc4ccccc4)c3)cs2)n1,sirt2,molmim
Cc1cc(C)nc(SCC(=O)Nc2scc3cccc(C#N)c23)n1,sirt2,molmim
Cc1cc(C)n(CC(=O)Nc2ncc(Cc3nc4ccccc4[nH]3)s2)n1,sirt2,molmim
O=C(Nc1nc(Cc2cccc3ccccc23)cs1)c1ccc(Cl)cn1,sirt2,molmim
CC(C)COC(=O)CSc1nnc(Cc2cccc3ccccc23)s1,sirt2,molmim
Cc1ccc(=O)n(CC(=O)Nc2ccnc(SCc3cccc4ccccc34)c2)n1,sirt2,molmim
Cc1cnc(CSCC(=O)Nc2cc(Cc3ccc4ccccc4c3)ccn2)nc1,sirt2,molmim
Cc1cnc(C2CCN(CC(=O)Nc3nc(SCc4csc5ccccc45)cs3)CC2)s1,sirt2,molmim
Cc1cc(C)nc(SCC(=O)Nc2nc(Cc3cccc4ccccc34)cs2)n1,sirt2,molmim
Cc1cc(C)nc(SCC(=O)Nc2nc(Cc3cccc4ccccc34)cs2)n1,sirt2,molmim
Cc1cc(C)nc(SCC(=O)Nc2nc(Cc3cccc4ccccc34)cs2)n1,sirt2,molmim
Cc1cc(C)nc(SCC(=O)Nc2ccc(Cc3cccc4ccccc34)cn2)n1,sirt2,molmim
Cc1cc(C)nc(SCC(=O)Nc2nc(Cc3ccccc3)cs2)n1,sirt2,molmim
Cc1cnc(SCC(=O)N[C@@H]2C[C@H]2c2cccc3ccccc23)nc1,sirt2,molmim
Cc1cc(C)n(CC(=O)Nc2nnc(Cc3ccc4ccccc4c3)s2)n1,sirt2,molmim
Cc1cc(C)nc(SCC(=O)N2CCC(c3ccc4ccccc4n3)CC2)n1,sirt2,molmim
O=C(COC1CCCC1)Nc1nc(-c2cccc3ccccc23)cs1,sirt2,molmim
CC(C)c1cc(=O)n(C)c(SCc2ccc3ccccc3n2)n1,sirt2,molmim
CCOC(=O)c1c(NC(=S)NCCC(=O)O)c(COc2ccccc2)nc2ccccc12,sirt2,molmim
COC(=O)CCC(=N)NCCCNc1nc(CC(=O)OC)nc2ccccc12,sirt2,molmim
CCOc1cc(CSCC(=O)OC)ccc1CNC(=S)NCCCCC(=O)O,sirt2,molmim
O=C(O)CCNC(=S)Nc1nc2ccccc2nc1[C@H]1CC[C@H](C(=O)O)N1,sirt2,molmim
CCOC(=O)c1c(N)nc(NCCSCC(=O)OC)nc1NCCc1c(C(=O)OC)[nH]c2ncccc12,sirt2,molmim
CCOC(=O)c1cc2c(NCCC(=O)NCCC(N)=O)nc(SCc3ccc(C)cc3)nc2s1,sirt2,molmim
NC(=O)CCN(Cc1ccc2ccccc2n1)Cc1ncccc1OCCCNC(=O)OCc1ccccc1,sirt2,molmim
COC(=O)c1ccc2c(c1)nc(SCCCNC(=O)C(=O)NCCC#N)n2CCc1ccccc1,sirt2,molmim
NC(=O)CCNC(=O)CCCNC(=O)c1cn(Cc2ccccc2)c2[nH]nc(SCc3cccnc3)c12,sirt2,molmim
CNC(=O)CCSc1nc(CCc2ccccc2)c(NC(=O)CSCC(N)=O)[nH]1,sirt2,molmim
